ch0.jpg,0
ch1.jpg,0
ch2.jpg,0
ch3.jpg,0
ch4.jpg,0
ch5.jpg,0
ch6.jpg,0
ch7.jpg,0
ch8.jpg,0
ch9.jpg,0
ch10.jpg,0
ch11.jpg,0
ch12.jpg,0
ch13.jpg,0
ch14.jpg,0
ch15.jpg,0
ch16.jpg,0
ch17.jpg,0
ch18.jpg,0
ch19.jpg,0
ch20.jpg,0
ch21.jpg,0
ch22.jpg,0
ch23.jpg,0
ch24.jpg,0
ch25.jpg,0
ch26.jpg,0
ch27.jpg,0
ch28.jpg,0
ch29.jpg,0
ch30.jpg,0
ch31.jpg,0
ch32.jpg,0
ch33.jpg,0
ch34.jpg,0
ch35.jpg,0
ch36.jpg,0
ch37.jpg,0
ch38.jpg,0
ch39.jpg,0
ch40.jpg,0
ch41.jpg,0
ch42.jpg,0
ch43.jpg,0
ch44.jpg,0
ch45.jpg,0
ch46.jpg,0
ch47.jpg,0
ch48.jpg,0
ch49.jpg,0
ch50.jpg,0
ch51.jpg,0
ch52.jpg,0
ch53.jpg,0
ch54.jpg,0
ch55.jpg,0
ch56.jpg,0
ch57.jpg,0
ch58.jpg,0
ch59.jpg,0
ch60.jpg,0
ch61.jpg,0
ch62.jpg,0
ch63.jpg,0
ch64.jpg,0
ch65.jpg,0
ch66.jpg,0
ch67.jpg,0
ch68.jpg,0
ch69.jpg,0
ch70.jpg,0
ch71.jpg,0
ch72.jpg,0
ch73.jpg,0
ch74.jpg,0
ch75.jpg,0
ch76.jpg,0
ch77.jpg,0
ch78.jpg,0
ch79.jpg,0
ch80.jpg,0
ch81.jpg,0
ch82.jpg,0
ch83.jpg,0
ch84.jpg,0
ch85.jpg,0
ch86.jpg,0
ch87.jpg,0
ch88.jpg,0
ch89.jpg,0
ch90.jpg,0
ch91.jpg,0
ch92.jpg,0
ch93.jpg,0
ch94.jpg,0
ch95.jpg,0
ch96.jpg,0
ch97.jpg,0
ch98.jpg,0
ch99.jpg,0
ch100.jpg,0
ch101.jpg,0
ch102.jpg,0
ch103.jpg,0
ch104.jpg,0
ch105.jpg,0
ch106.jpg,0
ch107.jpg,0
ch108.jpg,0
ch109.jpg,0
ch110.jpg,0
ch111.jpg,0
ch112.jpg,0
ch113.jpg,0
ch114.jpg,0
ch115.jpg,0
ch116.jpg,0
ch117.jpg,0
ch118.jpg,0
ch119.jpg,0
ch120.jpg,0
ch121.jpg,0
ch122.jpg,0
ch123.jpg,0
ch124.jpg,0
ch125.jpg,0
ch126.jpg,0
ch127.jpg,0
ch128.jpg,0
ch129.jpg,0
ch130.jpg,0
ch131.jpg,0
ch132.jpg,0
ch133.jpg,0
ch134.jpg,0
ch135.jpg,0
ch136.jpg,0
ch137.jpg,0
ch138.jpg,0
ch139.jpg,0
ch140.jpg,0
ch141.jpg,0
ch142.jpg,0
ch143.jpg,0
ch144.jpg,0
ch145.jpg,0
ch146.jpg,0
ch147.jpg,0
ch148.jpg,0
ch149.jpg,0
ch150.jpg,0
ch151.jpg,0
ch152.jpg,0
ch153.jpg,0
ch154.jpg,0
ch155.jpg,0
ch156.jpg,0
ch157.jpg,0
ch158.jpg,0
ch159.jpg,0
ch160.jpg,0
ch161.jpg,0
ch162.jpg,0
ch163.jpg,0
ch164.jpg,0
ch165.jpg,0
ch166.jpg,0
ch167.jpg,0
ch168.jpg,0
ch169.jpg,0
ch170.jpg,0
ch171.jpg,0
ch172.jpg,0
ch173.jpg,0
ch174.jpg,0
ch175.jpg,0
ch176.jpg,0
ch177.jpg,0
ch178.jpg,0
ch179.jpg,0
ch180.jpg,0
ch181.jpg,0
ch182.jpg,0
ch183.jpg,0
ch184.jpg,0
ch185.jpg,0
ch186.jpg,0
ch187.jpg,0
ch188.jpg,0
ch189.jpg,0
ch190.jpg,0
ch191.jpg,0
ch192.jpg,0
ch193.jpg,0
ch194.jpg,0
ch195.jpg,0
ch196.jpg,0
ch197.jpg,0
ch198.jpg,0
ch199.jpg,0
ch200.jpg,0
ch201.jpg,0
ch202.jpg,0
ch203.jpg,0
ch204.jpg,0
ch205.jpg,0
ch206.jpg,0
ch207.jpg,0
ch208.jpg,0
ch209.jpg,0
ch210.jpg,0
ch211.jpg,0
ch212.jpg,0
ch213.jpg,0
ch214.jpg,0
ch215.jpg,0
ch216.jpg,0
ch217.jpg,0
ch218.jpg,0
ch219.jpg,0
ch220.jpg,0
ch221.jpg,0
ch222.jpg,0
ch223.jpg,0
ch224.jpg,0
ch225.jpg,0
ch226.jpg,0
ch227.jpg,0
ch228.jpg,0
ch229.jpg,0
ch230.jpg,0
ch231.jpg,0
ch232.jpg,0
ch233.jpg,0
ch234.jpg,0
ch235.jpg,0
ch236.jpg,0
ch237.jpg,0
ch238.jpg,0
ch239.jpg,0
ch240.jpg,0
ch241.jpg,0
ch242.jpg,0
ch243.jpg,0
ch244.jpg,0
ch245.jpg,0
ch246.jpg,0
ch247.jpg,0
ch248.jpg,0
ch249.jpg,0
ch250.jpg,0
ch251.jpg,0
ch252.jpg,0
ch253.jpg,0
ch254.jpg,0
ch255.jpg,0
ch256.jpg,0
ch257.jpg,0
ch258.jpg,0
ch259.jpg,0
ch260.jpg,0
ch261.jpg,0
ch262.jpg,0
ch263.jpg,0
ch264.jpg,0
ch265.jpg,0
ch266.jpg,0
ch267.jpg,0
ch268.jpg,0
ch269.jpg,0
ch270.jpg,0
ch271.jpg,0
ch272.jpg,0
ch273.jpg,0
ch274.jpg,0
ch275.jpg,0
ch276.jpg,0
ch277.jpg,0
ch278.jpg,0
ch279.jpg,0
ch280.jpg,0
ch281.jpg,0
ch282.jpg,0
ch283.jpg,0
ch284.jpg,0
ch285.jpg,0
ch286.jpg,0
ch287.jpg,0
ch288.jpg,0
ch289.jpg,0
ch290.jpg,0
ch291.jpg,0
ch292.jpg,0
ch293.jpg,0
ch294.jpg,0
ch295.jpg,0
ch296.jpg,0
ch297.jpg,0
ch298.jpg,0
ch299.jpg,0
ch300.jpg,0
ch301.jpg,0
ch302.jpg,0
ch303.jpg,0
ch304.jpg,0
ch305.jpg,0
ch306.jpg,0
ch307.jpg,0
ch308.jpg,0
ch309.jpg,0
ch310.jpg,0
ch311.jpg,0
ch312.jpg,0
ch313.jpg,0
ch314.jpg,0
ch315.jpg,0
ch316.jpg,0
ch317.jpg,0
ch318.jpg,0
ch319.jpg,0
ch320.jpg,0
ch321.jpg,0
ch322.jpg,0
ch323.jpg,0
ch324.jpg,0
ch325.jpg,0
ch326.jpg,0
ch327.jpg,0
ch328.jpg,0
ch329.jpg,0
ch330.jpg,0
ch331.jpg,0
ch332.jpg,0
ch333.jpg,0
ch334.jpg,0
ch335.jpg,0
ch336.jpg,0
ch337.jpg,0
ch338.jpg,0
g0.jpg,1
g1.jpg,1
g2.jpg,1
g3.jpg,1
g4.jpg,1
g5.jpg,1
g6.jpg,1
g7.jpg,1
g8.jpg,1
g9.jpg,1
g10.jpg,1
g11.jpg,1
g12.jpg,1
g13.jpg,1
g14.jpg,1
g15.jpg,1
g16.jpg,1
g17.jpg,1
g18.jpg,1
g19.jpg,1
g20.jpg,1
g21.jpg,1
g22.jpg,1
g23.jpg,1
g24.jpg,1
g25.jpg,1
g26.jpg,1
g27.jpg,1
g28.jpg,1
g29.jpg,1
g30.jpg,1
g31.jpg,1
g32.jpg,1
g33.jpg,1
g34.jpg,1
g35.jpg,1
g36.jpg,1
g37.jpg,1
g38.jpg,1
g39.jpg,1
g40.jpg,1
g41.jpg,1
g42.jpg,1
g43.jpg,1
g44.jpg,1
g45.jpg,1
g46.jpg,1
g47.jpg,1
g48.jpg,1
g49.jpg,1
g50.jpg,1
g51.jpg,1
g52.jpg,1
g53.jpg,1
g54.jpg,1
g55.jpg,1
g56.jpg,1
g57.jpg,1
g58.jpg,1
g59.jpg,1
g60.jpg,1
g61.jpg,1
g62.jpg,1
g63.jpg,1
g64.jpg,1
g65.jpg,1
g66.jpg,1
g67.jpg,1
g68.jpg,1
g69.jpg,1
g70.jpg,1
g71.jpg,1
g72.jpg,1
g73.jpg,1
g74.jpg,1
g75.jpg,1
g76.jpg,1
g77.jpg,1
g78.jpg,1
g79.jpg,1
g80.jpg,1
g81.jpg,1
g82.jpg,1
g83.jpg,1
g84.jpg,1
g85.jpg,1
g86.jpg,1
g87.jpg,1
g88.jpg,1
g89.jpg,1
g90.jpg,1
g91.jpg,1
g92.jpg,1
g93.jpg,1
g94.jpg,1
g95.jpg,1
g96.jpg,1
g97.jpg,1
g98.jpg,1
g99.jpg,1
g100.jpg,1
g101.jpg,1
g102.jpg,1
g103.jpg,1
g104.jpg,1
g105.jpg,1
g106.jpg,1
g107.jpg,1
g108.jpg,1
g109.jpg,1
g110.jpg,1
g111.jpg,1
g112.jpg,1
g113.jpg,1
g114.jpg,1
g115.jpg,1
g116.jpg,1
g117.jpg,1
g118.jpg,1
g119.jpg,1
g120.jpg,1
g121.jpg,1
g122.jpg,1
g123.jpg,1
g124.jpg,1
g125.jpg,1
g126.jpg,1
g127.jpg,1
g128.jpg,1
g129.jpg,1
g130.jpg,1
g131.jpg,1
g132.jpg,1
g133.jpg,1
g134.jpg,1
g135.jpg,1
g136.jpg,1
g137.jpg,1
g138.jpg,1
g139.jpg,1
g140.jpg,1
g141.jpg,1
g142.jpg,1
g143.jpg,1
g144.jpg,1
g145.jpg,1
g146.jpg,1
g147.jpg,1
g148.jpg,1
g149.jpg,1
g150.jpg,1
g151.jpg,1
g152.jpg,1
g153.jpg,1
g154.jpg,1
g155.jpg,1
g156.jpg,1
g157.jpg,1
g158.jpg,1
g159.jpg,1
g160.jpg,1
g161.jpg,1
g162.jpg,1
g163.jpg,1
g164.jpg,1
g165.jpg,1
g166.jpg,1
g167.jpg,1
g168.jpg,1
g169.jpg,1
g170.jpg,1
g171.jpg,1
g172.jpg,1
g173.jpg,1
g174.jpg,1
g175.jpg,1
g176.jpg,1
g177.jpg,1
g178.jpg,1
g179.jpg,1
g180.jpg,1
g181.jpg,1
g182.jpg,1
g183.jpg,1
g184.jpg,1
g185.jpg,1
g186.jpg,1
g187.jpg,1
g188.jpg,1
g189.jpg,1
g190.jpg,1
g191.jpg,1
g192.jpg,1
g193.jpg,1
g194.jpg,1
g195.jpg,1
g196.jpg,1
g197.jpg,1
g198.jpg,1
g199.jpg,1
g200.jpg,1
g201.jpg,1
g202.jpg,1
g203.jpg,1
g204.jpg,1
g205.jpg,1
g206.jpg,1
g207.jpg,1
g208.jpg,1
g209.jpg,1
g210.jpg,1
g211.jpg,1
g212.jpg,1
g213.jpg,1
g214.jpg,1
g215.jpg,1
g216.jpg,1
g217.jpg,1
g218.jpg,1
g219.jpg,1
g220.jpg,1
g221.jpg,1
g222.jpg,1
g223.jpg,1
g224.jpg,1
g225.jpg,1
g226.jpg,1
g227.jpg,1
g228.jpg,1
g229.jpg,1
g230.jpg,1
g231.jpg,1
g232.jpg,1
g233.jpg,1
g234.jpg,1
g235.jpg,1
g236.jpg,1
g237.jpg,1
g238.jpg,1
g239.jpg,1
g240.jpg,1
g241.jpg,1
g242.jpg,1
g243.jpg,1
g244.jpg,1
g245.jpg,1
g246.jpg,1
g247.jpg,1
g248.jpg,1
g249.jpg,1
g250.jpg,1
g251.jpg,1
g252.jpg,1
g253.jpg,1
g254.jpg,1
g255.jpg,1
g256.jpg,1
g257.jpg,1
g258.jpg,1
g259.jpg,1
g260.jpg,1
g261.jpg,1
g262.jpg,1
g263.jpg,1
g264.jpg,1
g265.jpg,1
g266.jpg,1
g267.jpg,1
g268.jpg,1
g269.jpg,1
g270.jpg,1
g271.jpg,1
g272.jpg,1
g273.jpg,1
g274.jpg,1
g275.jpg,1
g276.jpg,1
g277.jpg,1
g278.jpg,1
g279.jpg,1
g280.jpg,1
g281.jpg,1
g282.jpg,1
g283.jpg,1
g284.jpg,1
g285.jpg,1
g286.jpg,1
g287.jpg,1
g288.jpg,1
g289.jpg,1
g290.jpg,1
g291.jpg,1
g292.jpg,1
g293.jpg,1
g294.jpg,1
g295.jpg,1
g296.jpg,1
g297.jpg,1
g298.jpg,1
g299.jpg,1
g300.jpg,1
g301.jpg,1
g302.jpg,1
g303.jpg,1
g304.jpg,1
g305.jpg,1
g306.jpg,1
g307.jpg,1
g308.jpg,1
g309.jpg,1
g310.jpg,1
g311.jpg,1
g312.jpg,1
g313.jpg,1
g314.jpg,1
g315.jpg,1
g316.jpg,1
g317.jpg,1
g318.jpg,1
g319.jpg,1
g320.jpg,1
g321.jpg,1
g322.jpg,1
g323.jpg,1
g324.jpg,1
g325.jpg,1
g326.jpg,1
g327.jpg,1
g328.jpg,1
g329.jpg,1
g330.jpg,1
g331.jpg,1
g332.jpg,1
g333.jpg,1
g334.jpg,1
g335.jpg,1
g336.jpg,1
g337.jpg,1
g338.jpg,1
g339.jpg,1
g340.jpg,1
g341.jpg,1
g342.jpg,1
g343.jpg,1
g344.jpg,1
g345.jpg,1
g346.jpg,1
g347.jpg,1
g348.jpg,1
g349.jpg,1
g350.jpg,1
g351.jpg,1
g352.jpg,1
g353.jpg,1
g354.jpg,1
g355.jpg,1
g356.jpg,1
g357.jpg,1
g358.jpg,1
g359.jpg,1
g360.jpg,1
g361.jpg,1
g362.jpg,1
g363.jpg,1
g364.jpg,1
g365.jpg,1
g366.jpg,1
g367.jpg,1
g368.jpg,1
g369.jpg,1
g370.jpg,1
g371.jpg,1
g372.jpg,1
g373.jpg,1
g374.jpg,1
g375.jpg,1
g376.jpg,1
g377.jpg,1
g378.jpg,1
g379.jpg,1
g380.jpg,1
g381.jpg,1
g382.jpg,1
g383.jpg,1
g384.jpg,1
g385.jpg,1
g386.jpg,1
g387.jpg,1
g388.jpg,1
g389.jpg,1
g390.jpg,1
g391.jpg,1
g392.jpg,1
g393.jpg,1
g394.jpg,1
g395.jpg,1
g396.jpg,1
g397.jpg,1
g398.jpg,1
g399.jpg,1
g400.jpg,1
g401.jpg,1
g402.jpg,1
g403.jpg,1
g404.jpg,1
g405.jpg,1
g406.jpg,1
g407.jpg,1
g408.jpg,1
g409.jpg,1
g410.jpg,1
g411.jpg,1
g412.jpg,1
g413.jpg,1
g414.jpg,1
g415.jpg,1
g416.jpg,1
g417.jpg,1
g418.jpg,1
g419.jpg,1
g420.jpg,1
g421.jpg,1
g422.jpg,1
g423.jpg,1
g424.jpg,1
g425.jpg,1
g426.jpg,1
g427.jpg,1
g428.jpg,1
g429.jpg,1
g430.jpg,1
g431.jpg,1
g432.jpg,1
g433.jpg,1
g434.jpg,1
g435.jpg,1
g436.jpg,1
g437.jpg,1
g438.jpg,1
g439.jpg,1
g440.jpg,1
g441.jpg,1
g442.jpg,1
g443.jpg,1
g444.jpg,1
g445.jpg,1
g446.jpg,1
g447.jpg,1
g448.jpg,1
g449.jpg,1
g450.jpg,1
g451.jpg,1
g452.jpg,1
g453.jpg,1
g454.jpg,1
g455.jpg,1
g456.jpg,1
g457.jpg,1
g458.jpg,1
g459.jpg,1
g460.jpg,1
g461.jpg,1
g462.jpg,1
g463.jpg,1
g464.jpg,1
g465.jpg,1
g466.jpg,1
g467.jpg,1
g468.jpg,1
g469.jpg,1
g470.jpg,1
g471.jpg,1
g472.jpg,1
g473.jpg,1
g474.jpg,1
g475.jpg,1
g476.jpg,1
g477.jpg,1
g478.jpg,1
g479.jpg,1
g480.jpg,1
g481.jpg,1
g482.jpg,1
g483.jpg,1
g484.jpg,1
g485.jpg,1
g486.jpg,1
g487.jpg,1
g488.jpg,1
g489.jpg,1
g490.jpg,1
g491.jpg,1
g492.jpg,1
g493.jpg,1
g494.jpg,1
g495.jpg,1
g496.jpg,1
g497.jpg,1
g498.jpg,1
g499.jpg,1
g500.jpg,1
g501.jpg,1
g502.jpg,1
g503.jpg,1
g504.jpg,1
g505.jpg,1
g506.jpg,1
g507.jpg,1
g508.jpg,1
g509.jpg,1
g510.jpg,1
g511.jpg,1
g512.jpg,1
g513.jpg,1
g514.jpg,1
g515.jpg,1
g516.jpg,1
g517.jpg,1
g518.jpg,1
g519.jpg,1
g520.jpg,1
g521.jpg,1
g522.jpg,1
g523.jpg,1
g524.jpg,1
g525.jpg,1
g526.jpg,1
g527.jpg,1
g528.jpg,1
g529.jpg,1
g530.jpg,1
g531.jpg,1
g532.jpg,1
g533.jpg,1
g534.jpg,1
g535.jpg,1
g536.jpg,1
g537.jpg,1
g538.jpg,1
g539.jpg,1
g540.jpg,1
g541.jpg,1
g542.jpg,1
g543.jpg,1
g544.jpg,1
g545.jpg,1
g546.jpg,1
g547.jpg,1
g548.jpg,1
g549.jpg,1
g550.jpg,1
g551.jpg,1
g552.jpg,1
g553.jpg,1
g554.jpg,1
g555.jpg,1
g556.jpg,1
g557.jpg,1
g558.jpg,1
g559.jpg,1
g560.jpg,1
g561.jpg,1
g562.jpg,1
g563.jpg,1
g564.jpg,1
g565.jpg,1
g566.jpg,1
g567.jpg,1
g568.jpg,1
g569.jpg,1
g570.jpg,1
g571.jpg,1
g572.jpg,1
g573.jpg,1
g574.jpg,1
g575.jpg,1
g576.jpg,1
g577.jpg,1
g578.jpg,1
g579.jpg,1
g580.jpg,1
g581.jpg,1
g582.jpg,1
g583.jpg,1
g584.jpg,1
g585.jpg,1
g586.jpg,1
g587.jpg,1
g588.jpg,1
g589.jpg,1
g590.jpg,1
g591.jpg,1
g592.jpg,1
g593.jpg,1
g594.jpg,1
g595.jpg,1
g596.jpg,1
g597.jpg,1
g598.jpg,1
g599.jpg,1
g600.jpg,1
g601.jpg,1
g602.jpg,1
g603.jpg,1
g604.jpg,1
g605.jpg,1
g606.jpg,1
g607.jpg,1
g608.jpg,1
g609.jpg,1
g610.jpg,1
g611.jpg,1
g612.jpg,1
g613.jpg,1
g614.jpg,1
g615.jpg,1
g616.jpg,1
g617.jpg,1
g618.jpg,1
g619.jpg,1
g620.jpg,1
g621.jpg,1
g622.jpg,1
g623.jpg,1
g624.jpg,1
g625.jpg,1
g626.jpg,1
g627.jpg,1
g628.jpg,1
g629.jpg,1
g630.jpg,1
g631.jpg,1
g632.jpg,1
g633.jpg,1
g634.jpg,1
g635.jpg,1
g636.jpg,1
g637.jpg,1
g638.jpg,1
g639.jpg,1
g640.jpg,1
g641.jpg,1
g642.jpg,1
g643.jpg,1
g644.jpg,1
g645.jpg,1
g646.jpg,1
g647.jpg,1
g648.jpg,1
g649.jpg,1
g650.jpg,1
g651.jpg,1
g652.jpg,1
g653.jpg,1
g654.jpg,1
g655.jpg,1
g656.jpg,1
g657.jpg,1
g658.jpg,1
g659.jpg,1
g660.jpg,1
g661.jpg,1
g662.jpg,1
g663.jpg,1
g664.jpg,1
g665.jpg,1
g666.jpg,1
g667.jpg,1
g668.jpg,1
g669.jpg,1
g670.jpg,1
g671.jpg,1
g672.jpg,1
g673.jpg,1
g674.jpg,1
g675.jpg,1
g676.jpg,1
g677.jpg,1
g678.jpg,1
g679.jpg,1
g680.jpg,1
g681.jpg,1
g682.jpg,1
g683.jpg,1
g684.jpg,1
g685.jpg,1
g686.jpg,1
g687.jpg,1
g688.jpg,1
g689.jpg,1
g690.jpg,1
g691.jpg,1
g692.jpg,1
g693.jpg,1
g694.jpg,1
g695.jpg,1
g696.jpg,1
g697.jpg,1
g698.jpg,1
g699.jpg,1
g700.jpg,1
g701.jpg,1
g702.jpg,1
g703.jpg,1
g704.jpg,1
g705.jpg,1
g706.jpg,1
g707.jpg,1
g708.jpg,1
g709.jpg,1
g710.jpg,1
g711.jpg,1
g712.jpg,1
g713.jpg,1
g714.jpg,1
g715.jpg,1
g716.jpg,1
g717.jpg,1
g718.jpg,1
g719.jpg,1
g720.jpg,1
g721.jpg,1
g722.jpg,1
g723.jpg,1
g724.jpg,1
g725.jpg,1
g726.jpg,1
g727.jpg,1
g728.jpg,1
g729.jpg,1
g730.jpg,1
g731.jpg,1
g732.jpg,1
g733.jpg,1
g734.jpg,1
g735.jpg,1
g736.jpg,1
g737.jpg,1
g738.jpg,1
g739.jpg,1
g740.jpg,1
g741.jpg,1
g742.jpg,1
g743.jpg,1
g744.jpg,1
g745.jpg,1
g746.jpg,1
g747.jpg,1
g748.jpg,1
g749.jpg,1
g750.jpg,1
g751.jpg,1
g752.jpg,1
g753.jpg,1
g754.jpg,1
g755.jpg,1
g756.jpg,1
g757.jpg,1
g758.jpg,1
g759.jpg,1
g760.jpg,1
g761.jpg,1
g762.jpg,1
g763.jpg,1
g764.jpg,1
g765.jpg,1
g766.jpg,1
g767.jpg,1
g768.jpg,1
g769.jpg,1
g770.jpg,1
g771.jpg,1
g772.jpg,1
g773.jpg,1
g774.jpg,1
g775.jpg,1
g776.jpg,1
g777.jpg,1
g778.jpg,1
g779.jpg,1
g780.jpg,1
g781.jpg,1
g782.jpg,1
g783.jpg,1
g784.jpg,1
g785.jpg,1
g786.jpg,1
g787.jpg,1
g788.jpg,1
g789.jpg,1
g790.jpg,1
g791.jpg,1
g792.jpg,1
g793.jpg,1
g794.jpg,1
g795.jpg,1
g796.jpg,1
g797.jpg,1
g798.jpg,1
g799.jpg,1
g800.jpg,1
g801.jpg,1
g802.jpg,1
g803.jpg,1
g804.jpg,1
g805.jpg,1
g806.jpg,1
g807.jpg,1
g808.jpg,1
g809.jpg,1
g810.jpg,1
g811.jpg,1
g812.jpg,1
g813.jpg,1
g814.jpg,1
g815.jpg,1
g816.jpg,1
g817.jpg,1
g818.jpg,1
g819.jpg,1
g820.jpg,1
g821.jpg,1
g822.jpg,1
g823.jpg,1
g824.jpg,1
g825.jpg,1
g826.jpg,1
g827.jpg,1
g828.jpg,1
g829.jpg,1
g830.jpg,1
g831.jpg,1
g832.jpg,1
g833.jpg,1
g834.jpg,1
g835.jpg,1
g836.jpg,1
g837.jpg,1
g838.jpg,1
g839.jpg,1
g840.jpg,1
g841.jpg,1
g842.jpg,1
g843.jpg,1
g844.jpg,1
g845.jpg,1
g846.jpg,1
g847.jpg,1
g848.jpg,1
g849.jpg,1
g850.jpg,1
g851.jpg,1
g852.jpg,1
g853.jpg,1
g854.jpg,1
g855.jpg,1
g856.jpg,1
g857.jpg,1
g858.jpg,1
g859.jpg,1
g860.jpg,1
g861.jpg,1
g862.jpg,1
g863.jpg,1
g864.jpg,1
g865.jpg,1
g866.jpg,1
g867.jpg,1
g868.jpg,1
g869.jpg,1
g870.jpg,1
g871.jpg,1
g872.jpg,1
g873.jpg,1
g874.jpg,1
g875.jpg,1
g876.jpg,1
g877.jpg,1
g878.jpg,1
g879.jpg,1
g880.jpg,1
g881.jpg,1
g882.jpg,1
g883.jpg,1
g884.jpg,1
g885.jpg,1
g886.jpg,1
g887.jpg,1
g888.jpg,1
g889.jpg,1
g890.jpg,1
g891.jpg,1
g892.jpg,1
g893.jpg,1
g894.jpg,1
g895.jpg,1
g896.jpg,1
g897.jpg,1
g898.jpg,1
g899.jpg,1
g900.jpg,1
g901.jpg,1
g902.jpg,1
g903.jpg,1
g904.jpg,1
g905.jpg,1
g906.jpg,1
g907.jpg,1
g908.jpg,1
g909.jpg,1
g910.jpg,1
g911.jpg,1
g912.jpg,1
g913.jpg,1
g914.jpg,1
g915.jpg,1
g916.jpg,1
g917.jpg,1
g918.jpg,1
g919.jpg,1
g920.jpg,1
g921.jpg,1
g922.jpg,1
g923.jpg,1
g924.jpg,1
g925.jpg,1
g926.jpg,1
g927.jpg,1
g928.jpg,1
g929.jpg,1
g930.jpg,1
g931.jpg,1
g932.jpg,1
g933.jpg,1
g934.jpg,1
g935.jpg,1
g936.jpg,1
g937.jpg,1
g938.jpg,1
g939.jpg,1
g940.jpg,1
g941.jpg,1
g942.jpg,1
g943.jpg,1
g944.jpg,1
g945.jpg,1
g946.jpg,1
g947.jpg,1
g948.jpg,1
g949.jpg,1
g950.jpg,1
g951.jpg,1
g952.jpg,1
g953.jpg,1
g954.jpg,1
g955.jpg,1
g956.jpg,1
g957.jpg,1
g958.jpg,1
g959.jpg,1
g960.jpg,1
g961.jpg,1
g962.jpg,1
g963.jpg,1
g964.jpg,1
g965.jpg,1
g966.jpg,1
g967.jpg,1
g968.jpg,1
g969.jpg,1
g970.jpg,1
g971.jpg,1
g972.jpg,1
g973.jpg,1
g974.jpg,1
g975.jpg,1
g976.jpg,1
g977.jpg,1
g978.jpg,1
g979.jpg,1
g980.jpg,1
g981.jpg,1
g982.jpg,1
g983.jpg,1
g984.jpg,1
g985.jpg,1
g986.jpg,1
g987.jpg,1
g988.jpg,1
g989.jpg,1
g990.jpg,1
g991.jpg,1
g992.jpg,1
g993.jpg,1
g994.jpg,1
g995.jpg,1
g996.jpg,1
g997.jpg,1
g998.jpg,1
g999.jpg,1
g1000.jpg,1
g1001.jpg,1
g1002.jpg,1
g1003.jpg,1
g1004.jpg,1
g1005.jpg,1
g1006.jpg,1
g1007.jpg,1
g1008.jpg,1
g1009.jpg,1
g1010.jpg,1
g1011.jpg,1
g1012.jpg,1
g1013.jpg,1
g1014.jpg,1
g1015.jpg,1
g1016.jpg,1
g1017.jpg,1
g1018.jpg,1
g1019.jpg,1
g1020.jpg,1
g1021.jpg,1
g1022.jpg,1
g1023.jpg,1
g1024.jpg,1
g1025.jpg,1
g1026.jpg,1
g1027.jpg,1
g1028.jpg,1
g1029.jpg,1
g1030.jpg,1
g1031.jpg,1
g1032.jpg,1
g1033.jpg,1
g1034.jpg,1
g1035.jpg,1
g1036.jpg,1
g1037.jpg,1
g1038.jpg,1
g1039.jpg,1
g1040.jpg,1
g1041.jpg,1
g1042.jpg,1
g1043.jpg,1
g1044.jpg,1
g1045.jpg,1
g1046.jpg,1
g1047.jpg,1
g1048.jpg,1
g1049.jpg,1
g1050.jpg,1
g1051.jpg,1
g1052.jpg,1
g1053.jpg,1
g1054.jpg,1
g1055.jpg,1
g1056.jpg,1
g1057.jpg,1
g1058.jpg,1
g1059.jpg,1
g1060.jpg,1
g1061.jpg,1
g1062.jpg,1
g1063.jpg,1
g1064.jpg,1
g1065.jpg,1
g1066.jpg,1
g1067.jpg,1
g1068.jpg,1
g1069.jpg,1
g1070.jpg,1
g1071.jpg,1
g1072.jpg,1
g1073.jpg,1
g1074.jpg,1
g1075.jpg,1
g1076.jpg,1
g1077.jpg,1
g1078.jpg,1
g1079.jpg,1
g1080.jpg,1
g1081.jpg,1
g1082.jpg,1
g1083.jpg,1
g1084.jpg,1
g1085.jpg,1
g1086.jpg,1
g1087.jpg,1
g1088.jpg,1
g1089.jpg,1
g1090.jpg,1
g1091.jpg,1
g1092.jpg,1
g1093.jpg,1
g1094.jpg,1
g1095.jpg,1
g1096.jpg,1
g1097.jpg,1
g1098.jpg,1
g1099.jpg,1
g1100.jpg,1
g1101.jpg,1
g1102.jpg,1
g1103.jpg,1
g1104.jpg,1
g1105.jpg,1
g1106.jpg,1
g1107.jpg,1
g1108.jpg,1
g1109.jpg,1
g1110.jpg,1
g1111.jpg,1
g1112.jpg,1
g1113.jpg,1
g1114.jpg,1
g1115.jpg,1
g1116.jpg,1
g1117.jpg,1
g1118.jpg,1
g1119.jpg,1
g1120.jpg,1
g1121.jpg,1
g1122.jpg,1
g1123.jpg,1
g1124.jpg,1
g1125.jpg,1
g1126.jpg,1
g1127.jpg,1
g1128.jpg,1
g1129.jpg,1
g1130.jpg,1
g1131.jpg,1
g1132.jpg,1
g1133.jpg,1
g1134.jpg,1
g1135.jpg,1
g1136.jpg,1
g1137.jpg,1
g1138.jpg,1
g1139.jpg,1
g1140.jpg,1
g1141.jpg,1
g1142.jpg,1
g1143.jpg,1
g1144.jpg,1
g1145.jpg,1
g1146.jpg,1
g1147.jpg,1
g1148.jpg,1
g1149.jpg,1
g1150.jpg,1
g1151.jpg,1
g1152.jpg,1
g1153.jpg,1
g1154.jpg,1
g1155.jpg,1
g1156.jpg,1
g1157.jpg,1
g1158.jpg,1
g1159.jpg,1
g1160.jpg,1
g1161.jpg,1
g1162.jpg,1
g1163.jpg,1
g1164.jpg,1
g1165.jpg,1
g1166.jpg,1
g1167.jpg,1
g1168.jpg,1
g1169.jpg,1
g1170.jpg,1
g1171.jpg,1
g1172.jpg,1
g1173.jpg,1
g1174.jpg,1
g1175.jpg,1
g1176.jpg,1
g1177.jpg,1
g1178.jpg,1
g1179.jpg,1
g1180.jpg,1
g1181.jpg,1
g1182.jpg,1
g1183.jpg,1
g1184.jpg,1
g1185.jpg,1
g1186.jpg,1
g1187.jpg,1
g1188.jpg,1
g1189.jpg,1
g1190.jpg,1
g1191.jpg,1
g1192.jpg,1
g1193.jpg,1
g1194.jpg,1
g1195.jpg,1
t0.jpg,2
t1.jpg,2
t2.jpg,2
t3.jpg,2
t4.jpg,2
t5.jpg,2
t6.jpg,2
t7.jpg,2
t8.jpg,2
t9.jpg,2
t10.jpg,2
t11.jpg,2
t12.jpg,2
t13.jpg,2
t14.jpg,2
t15.jpg,2
t16.jpg,2
t17.jpg,2
t18.jpg,2
t19.jpg,2
t20.jpg,2
t21.jpg,2
t22.jpg,2
t23.jpg,2
t24.jpg,2
t25.jpg,2
t26.jpg,2
t27.jpg,2
t28.jpg,2
t29.jpg,2
t30.jpg,2
t31.jpg,2
t32.jpg,2
t33.jpg,2
t34.jpg,2
t35.jpg,2
t36.jpg,2
t37.jpg,2
t38.jpg,2
t39.jpg,2
t40.jpg,2
t41.jpg,2
t42.jpg,2
t43.jpg,2
t44.jpg,2
t45.jpg,2
t46.jpg,2
t47.jpg,2
t48.jpg,2
t49.jpg,2
t50.jpg,2
t51.jpg,2
t52.jpg,2
t53.jpg,2
t54.jpg,2
t55.jpg,2
t56.jpg,2
t57.jpg,2
t58.jpg,2
t59.jpg,2
t60.jpg,2
t61.jpg,2
t62.jpg,2
t63.jpg,2
t64.jpg,2
t65.jpg,2
t66.jpg,2
t67.jpg,2
t68.jpg,2
t69.jpg,2
t70.jpg,2
t71.jpg,2
t72.jpg,2
t73.jpg,2
t74.jpg,2
t75.jpg,2
t76.jpg,2
t77.jpg,2
t78.jpg,2
t79.jpg,2
t80.jpg,2
t81.jpg,2
t82.jpg,2
t83.jpg,2
t84.jpg,2
t85.jpg,2
t86.jpg,2
t87.jpg,2
t88.jpg,2
t89.jpg,2
t90.jpg,2
t91.jpg,2
t92.jpg,2
t93.jpg,2
t94.jpg,2
t95.jpg,2
t96.jpg,2
t97.jpg,2
t98.jpg,2
t99.jpg,2
t100.jpg,2
t101.jpg,2
t102.jpg,2
t103.jpg,2
t104.jpg,2
t105.jpg,2
t106.jpg,2
t107.jpg,2
t108.jpg,2
t109.jpg,2
t110.jpg,2
t111.jpg,2
t112.jpg,2
t113.jpg,2
t114.jpg,2
t115.jpg,2
t116.jpg,2
t117.jpg,2
t118.jpg,2
t119.jpg,2
t120.jpg,2
t121.jpg,2
t122.jpg,2
t123.jpg,2
t124.jpg,2
t125.jpg,2
t126.jpg,2
t127.jpg,2
t128.jpg,2
t129.jpg,2
t130.jpg,2
t131.jpg,2
t132.jpg,2
t133.jpg,2
t134.jpg,2
t135.jpg,2
t136.jpg,2
t137.jpg,2
t138.jpg,2
t139.jpg,2
t140.jpg,2
t141.jpg,2
t142.jpg,2
t143.jpg,2
t144.jpg,2
t145.jpg,2
t146.jpg,2
t147.jpg,2
t148.jpg,2
t149.jpg,2
t150.jpg,2
t151.jpg,2
t152.jpg,2
t153.jpg,2
t154.jpg,2
t155.jpg,2
t156.jpg,2
t157.jpg,2
t158.jpg,2
t159.jpg,2
t160.jpg,2
t161.jpg,2
t162.jpg,2
t163.jpg,2
t164.jpg,2
t165.jpg,2
t166.jpg,2
t167.jpg,2
t168.jpg,2
t169.jpg,2
t170.jpg,2
t171.jpg,2
t172.jpg,2
t173.jpg,2
t174.jpg,2
t175.jpg,2
t176.jpg,2
t177.jpg,2
t178.jpg,2
t179.jpg,2
t180.jpg,2
t181.jpg,2
t182.jpg,2
t183.jpg,2
t184.jpg,2
t185.jpg,2
t186.jpg,2
t187.jpg,2
t188.jpg,2
t189.jpg,2
t190.jpg,2
t191.jpg,2
t192.jpg,2
t193.jpg,2
t194.jpg,2
t195.jpg,2
t196.jpg,2
t197.jpg,2
t198.jpg,2
t199.jpg,2
t200.jpg,2
t201.jpg,2
t202.jpg,2
t203.jpg,2
t204.jpg,2
t205.jpg,2
t206.jpg,2
t207.jpg,2
t208.jpg,2
t209.jpg,2
t210.jpg,2
t211.jpg,2
t212.jpg,2
t213.jpg,2
t214.jpg,2
t215.jpg,2
t216.jpg,2
t217.jpg,2
t218.jpg,2
t219.jpg,2
t220.jpg,2
t221.jpg,2
t222.jpg,2
t223.jpg,2
t224.jpg,2
t225.jpg,2
t226.jpg,2
t227.jpg,2
t228.jpg,2
t229.jpg,2
t230.jpg,2
t231.jpg,2
t232.jpg,2
t233.jpg,2
t234.jpg,2
t235.jpg,2
t236.jpg,2
t237.jpg,2
t238.jpg,2
t239.jpg,2
t240.jpg,2
t241.jpg,2
t242.jpg,2
t243.jpg,2
t244.jpg,2
t245.jpg,2
t246.jpg,2
t247.jpg,2
t248.jpg,2
t249.jpg,2
t250.jpg,2
t251.jpg,2
t252.jpg,2
t253.jpg,2
t254.jpg,2
t255.jpg,2
t256.jpg,2
t257.jpg,2
t258.jpg,2
t259.jpg,2
t260.jpg,2
t261.jpg,2
t262.jpg,2
t263.jpg,2
t264.jpg,2
t265.jpg,2
t266.jpg,2
t267.jpg,2
t268.jpg,2
t269.jpg,2
t270.jpg,2
t271.jpg,2
t272.jpg,2
t273.jpg,2
t274.jpg,2
t275.jpg,2
t276.jpg,2
t277.jpg,2
t278.jpg,2
t279.jpg,2
t280.jpg,2
t281.jpg,2
t282.jpg,2
t283.jpg,2
t284.jpg,2
t285.jpg,2
t286.jpg,2
t287.jpg,2
t288.jpg,2
t289.jpg,2
t290.jpg,2
t291.jpg,2
t292.jpg,2
t293.jpg,2
t294.jpg,2
t295.jpg,2
t296.jpg,2
t297.jpg,2
t298.jpg,2
t299.jpg,2
t300.jpg,2
t301.jpg,2
t302.jpg,2
t303.jpg,2
t304.jpg,2
t305.jpg,2
t306.jpg,2
t307.jpg,2
t308.jpg,2
t309.jpg,2
t310.jpg,2
t311.jpg,2
t312.jpg,2
t313.jpg,2
t314.jpg,2
t315.jpg,2
t316.jpg,2
t317.jpg,2
t318.jpg,2
t319.jpg,2
t320.jpg,2
t321.jpg,2
t322.jpg,2
t323.jpg,2
t324.jpg,2
t325.jpg,2
t326.jpg,2
t327.jpg,2
t328.jpg,2
t329.jpg,2
t330.jpg,2
t331.jpg,2
t332.jpg,2
t333.jpg,2
t334.jpg,2
t335.jpg,2
t336.jpg,2
t337.jpg,2
t338.jpg,2
t339.jpg,2
t340.jpg,2
t341.jpg,2
t342.jpg,2
t343.jpg,2
t344.jpg,2
t345.jpg,2
t346.jpg,2
t347.jpg,2
t348.jpg,2
t349.jpg,2
t350.jpg,2
t351.jpg,2
t352.jpg,2
t353.jpg,2
t354.jpg,2
t355.jpg,2
t356.jpg,2
t357.jpg,2
t358.jpg,2
t359.jpg,2
t360.jpg,2
t361.jpg,2
t362.jpg,2
t363.jpg,2
t364.jpg,2
t365.jpg,2
t366.jpg,2
t367.jpg,2
t368.jpg,2
t369.jpg,2
t370.jpg,2
t371.jpg,2
t372.jpg,2
t373.jpg,2
t374.jpg,2
t375.jpg,2
t376.jpg,2
t377.jpg,2
t378.jpg,2
t379.jpg,2
t380.jpg,2
t381.jpg,2
t382.jpg,2
t383.jpg,2
t384.jpg,2
t385.jpg,2
t386.jpg,2
t387.jpg,2
t388.jpg,2
t389.jpg,2
t390.jpg,2
t391.jpg,2
t392.jpg,2
t393.jpg,2
t394.jpg,2
t395.jpg,2
t396.jpg,2
t397.jpg,2
t398.jpg,2
t399.jpg,2
t400.jpg,2
t401.jpg,2
t402.jpg,2
t403.jpg,2
t404.jpg,2
t405.jpg,2
t406.jpg,2
t407.jpg,2
t408.jpg,2
t409.jpg,2
t410.jpg,2
t411.jpg,2
t412.jpg,2
t413.jpg,2
t414.jpg,2
t415.jpg,2
t416.jpg,2
t417.jpg,2
t418.jpg,2
t419.jpg,2
t420.jpg,2
t421.jpg,2
t422.jpg,2
t423.jpg,2
t424.jpg,2
t425.jpg,2
t426.jpg,2
t427.jpg,2
t428.jpg,2
t429.jpg,2
t430.jpg,2
t431.jpg,2
t432.jpg,2
t433.jpg,2
t434.jpg,2
t435.jpg,2
t436.jpg,2
t437.jpg,2
t438.jpg,2
t439.jpg,2
t440.jpg,2
t441.jpg,2
t442.jpg,2
t443.jpg,2
t444.jpg,2
t445.jpg,2
t446.jpg,2
t447.jpg,2
t448.jpg,2
t449.jpg,2
t450.jpg,2
t451.jpg,2
t452.jpg,2
t453.jpg,2
t454.jpg,2
t455.jpg,2
t456.jpg,2
t457.jpg,2
t458.jpg,2
t459.jpg,2
t460.jpg,2
t461.jpg,2
t462.jpg,2
t463.jpg,2
t464.jpg,2
t465.jpg,2
t466.jpg,2
t467.jpg,2
t468.jpg,2
t469.jpg,2
t470.jpg,2
t471.jpg,2
t472.jpg,2
t473.jpg,2
t474.jpg,2
t475.jpg,2
t476.jpg,2
t477.jpg,2
t478.jpg,2
t479.jpg,2
t480.jpg,2
t481.jpg,2
t482.jpg,2
t483.jpg,2
t484.jpg,2
t485.jpg,2
t486.jpg,2
t487.jpg,2
t488.jpg,2
t489.jpg,2
t490.jpg,2
t491.jpg,2
t492.jpg,2
t493.jpg,2
t494.jpg,2
t495.jpg,2
t496.jpg,2
t497.jpg,2
t498.jpg,2
t499.jpg,2
t500.jpg,2
t501.jpg,2
t502.jpg,2
t503.jpg,2
t504.jpg,2
t505.jpg,2
t506.jpg,2
t507.jpg,2
t508.jpg,2
t509.jpg,2
t510.jpg,2
t511.jpg,2
t512.jpg,2
t513.jpg,2
t514.jpg,2
t515.jpg,2
t516.jpg,2
t517.jpg,2
t518.jpg,2
t519.jpg,2
t520.jpg,2
t521.jpg,2
t522.jpg,2
t523.jpg,2
t524.jpg,2
t525.jpg,2
t526.jpg,2
t527.jpg,2
t528.jpg,2
t529.jpg,2
t530.jpg,2
t531.jpg,2
t532.jpg,2
t533.jpg,2
t534.jpg,2
t535.jpg,2
t536.jpg,2
t537.jpg,2
t538.jpg,2
t539.jpg,2
t540.jpg,2
t541.jpg,2
t542.jpg,2
t543.jpg,2
t544.jpg,2
t545.jpg,2
t546.jpg,2
t547.jpg,2
t548.jpg,2
t549.jpg,2
t550.jpg,2
t551.jpg,2
t552.jpg,2
t553.jpg,2
t554.jpg,2
t555.jpg,2
t556.jpg,2
t557.jpg,2
t558.jpg,2
t559.jpg,2
t560.jpg,2
t561.jpg,2
t562.jpg,2
t563.jpg,2
t564.jpg,2
t565.jpg,2
t566.jpg,2
t567.jpg,2
t568.jpg,2
t569.jpg,2
t570.jpg,2
t571.jpg,2
t572.jpg,2
t573.jpg,2
t574.jpg,2
t575.jpg,2
t576.jpg,2
t577.jpg,2
t578.jpg,2
t579.jpg,2
t580.jpg,2
t581.jpg,2
t582.jpg,2
t583.jpg,2
t584.jpg,2
t585.jpg,2
t586.jpg,2
t587.jpg,2
t588.jpg,2
t589.jpg,2
t590.jpg,2
t591.jpg,2
t592.jpg,2
t593.jpg,2
t594.jpg,2
t595.jpg,2
t596.jpg,2
t597.jpg,2
t598.jpg,2
t599.jpg,2
t600.jpg,2
t601.jpg,2
t602.jpg,2
t603.jpg,2
t604.jpg,2
t605.jpg,2
t606.jpg,2
t607.jpg,2
t608.jpg,2
t609.jpg,2
t610.jpg,2
t611.jpg,2
t612.jpg,2
t613.jpg,2
t614.jpg,2
t615.jpg,2
t616.jpg,2
t617.jpg,2
t618.jpg,2
t619.jpg,2
t620.jpg,2
t621.jpg,2
t622.jpg,2
t623.jpg,2
t624.jpg,2
t625.jpg,2
t626.jpg,2
t627.jpg,2
t628.jpg,2
t629.jpg,2
t630.jpg,2
t631.jpg,2
t632.jpg,2
t633.jpg,2
t634.jpg,2
t635.jpg,2
t636.jpg,2
t637.jpg,2
t638.jpg,2
t639.jpg,2
t640.jpg,2
t641.jpg,2
t642.jpg,2
t643.jpg,2
t644.jpg,2
t645.jpg,2
t646.jpg,2
t647.jpg,2
t648.jpg,2
t649.jpg,2
t650.jpg,2
t651.jpg,2
t652.jpg,2
t653.jpg,2
t654.jpg,2
t655.jpg,2
t656.jpg,2
t657.jpg,2
t658.jpg,2
t659.jpg,2
t660.jpg,2
t661.jpg,2
t662.jpg,2
t663.jpg,2
t664.jpg,2
t665.jpg,2
t666.jpg,2
t667.jpg,2
t668.jpg,2
t669.jpg,2
t670.jpg,2
t671.jpg,2
t672.jpg,2
t673.jpg,2
t674.jpg,2
t675.jpg,2
t676.jpg,2
t677.jpg,2
t678.jpg,2
t679.jpg,2
t680.jpg,2
t681.jpg,2
t682.jpg,2
t683.jpg,2
t684.jpg,2
t685.jpg,2
t686.jpg,2
t687.jpg,2
t688.jpg,2
t689.jpg,2
t690.jpg,2
t691.jpg,2
t692.jpg,2
t693.jpg,2
t694.jpg,2
t695.jpg,2
t696.jpg,2
t697.jpg,2
t698.jpg,2
t699.jpg,2
t700.jpg,2
c0.jpg,3
c1.jpg,3
c2.jpg,3
c3.jpg,3
c4.jpg,3
c5.jpg,3
c6.jpg,3
c7.jpg,3
c8.jpg,3
c9.jpg,3
c10.jpg,3
c11.jpg,3
c12.jpg,3
c13.jpg,3
c14.jpg,3
c15.jpg,3
c16.jpg,3
c17.jpg,3
c18.jpg,3
c19.jpg,3
c20.jpg,3
c21.jpg,3
c22.jpg,3
c23.jpg,3
c24.jpg,3
c25.jpg,3
c26.jpg,3
c27.jpg,3
c28.jpg,3
c29.jpg,3
c30.jpg,3
c31.jpg,3
c32.jpg,3
c33.jpg,3
c34.jpg,3
c35.jpg,3
c36.jpg,3
c37.jpg,3
c38.jpg,3
c39.jpg,3
c40.jpg,3
c41.jpg,3
c42.jpg,3
c43.jpg,3
c44.jpg,3
c45.jpg,3
c46.jpg,3
c47.jpg,3
c48.jpg,3
